{"train_loss": 0.15263383080065251, "test_r_squared": -0.0033387152489084285, "test_sinkhorn_div_01": 676.2333045372596, "test_e_distance": 11.83479430307624, "test_mmd": 35.50733830378606, "ood_r_squared": 0.14432424023883944, "ood_sinkhorn_div_01": 667.0803100585938, "ood_e_distance": 11.909976451859745, "ood_mmd": 34.73963623046875, "_timestamp": 1712838592.3112564, "_runtime": 2378.9360644817352, "_step": 11}