{"train_loss": 0.14486737454682588, "test_r_squared": -0.0409474673418811, "test_sinkhorn_div_01": 716.245851956881, "test_e_distance": 12.257456598894821, "test_mmd": 37.44979154146635, "ood_r_squared": 0.09872692085955662, "ood_sinkhorn_div_01": 705.4185913085937, "ood_e_distance": 12.352562743512774, "ood_mmd": 37.35950927734375, "_timestamp": 1712838547.75253, "_runtime": 2334.367192029953, "_step": 12}