{"train_loss": 0.0776148354196921, "test_r_squared": -0.22230407789924944, "test_sinkhorn_div_01": 94.93342590332031, "test_e_distance": 4.773480400445488, "test_mmd": 36.193030430720405, "ood_r_squared": -0.3405363220711101, "ood_sinkhorn_div_01": 95.27832336425782, "ood_e_distance": 5.032449661103147, "ood_mmd": 37.66487121582031, "_timestamp": 1712838489.7895293, "_runtime": 2546.0221424102783, "_step": 15}