{"train_loss": 0.08388582463841886, "test_r_squared": -0.0014531028205588526, "test_sinkhorn_div_01": 90.99797028761644, "test_e_distance": 4.6547360260357085, "test_mmd": 34.985970130333534, "ood_r_squared": 0.07128351192246256, "ood_sinkhorn_div_01": 91.76908874511719, "ood_e_distance": 4.934871561414055, "ood_mmd": 36.64555969238281, "_timestamp": 1712838523.2124507, "_runtime": 3294.4631967544556, "_step": 13}