{"train_loss": 0.08133693265588954, "test_r_squared": -0.1992629724205366, "test_sinkhorn_div_01": 93.18163769061749, "test_e_distance": 4.702728337016599, "test_mmd": 35.34202546339769, "ood_r_squared": -0.28055416679227274, "ood_sinkhorn_div_01": 92.96539306640625, "ood_e_distance": 4.94880519054727, "ood_mmd": 36.718325805664065, "_timestamp": 1712838531.6429448, "_runtime": 2587.875518798828, "_step": 15}