{"train_loss": 0.0698392437803559, "test_r_squared": -0.027142784468810084, "test_sinkhorn_div_01": 88.67045211791992, "test_e_distance": 4.293889093849147, "test_mmd": 30.882752051720253, "ood_r_squared": -0.027883238153889024, "ood_sinkhorn_div_01": 85.84884643554688, "ood_e_distance": 4.353273893532631, "ood_mmd": 30.256993103027344, "_timestamp": 1712838525.7594943, "_runtime": 2889.577083349228, "_step": 21}