{"train_loss": 0.08245602910406888, "test_r_squared": -0.17709738814678702, "test_sinkhorn_div_01": 99.25958457359901, "test_e_distance": 5.0550123971954815, "test_mmd": 39.13175172072191, "ood_r_squared": -0.289022588805765, "ood_sinkhorn_div_01": 98.73559112548828, "ood_e_distance": 5.27695681126775, "ood_mmd": 40.31705780029297, "_timestamp": 1712838492.5210571, "_runtime": 2548.765237092972, "_step": 14}