{"train_loss": 0.14460153293609618, "test_r_squared": 0.007647382042003881, "test_sinkhorn_div_01": 755.4771540715144, "test_e_distance": 12.705881330392657, "test_mmd": 41.55908203125, "ood_r_squared": 0.11509703498859944, "ood_sinkhorn_div_01": 738.83515625, "ood_e_distance": 12.712661878862425, "ood_mmd": 40.50517578125, "_timestamp": 1712838461.2410216, "_runtime": 2247.865850687027, "_step": 12}