{"train_loss": 0.07237933690659702, "test_r_squared": -0.045715465657083586, "test_sinkhorn_div_01": 88.92692888700046, "test_e_distance": 4.252269463839248, "test_mmd": 30.2173951955942, "ood_r_squared": -0.060437287906291395, "ood_sinkhorn_div_01": 85.64973297119141, "ood_e_distance": 4.321968961576031, "ood_mmd": 29.815318298339843, "_timestamp": 1712838580.370318, "_runtime": 2944.333600997925, "_step": 22}