{"train_loss": 0.28202345046401023, "test_r_squared": -0.33830297131711234, "test_sinkhorn_div_01": 152.59921880868765, "test_e_distance": 4.422354757794902, "test_mmd": 19.294288635253906, "ood_r_squared": 0.14126878172356902, "ood_sinkhorn_div_01": 151.3838348388672, "ood_e_distance": 4.738326672657381, "ood_mmd": 21.75867614746094, "_timestamp": 1712838448.8464327, "_runtime": 1796.631168603897, "_step": 6}