{"train_loss": 0.07689491703221575, "test_r_squared": -0.11892372096248709, "test_sinkhorn_div_01": 99.193971487192, "test_e_distance": 4.800963561942942, "test_mmd": 35.99162439199594, "ood_r_squared": -0.1693751069669907, "ood_sinkhorn_div_01": 97.8512680053711, "ood_e_distance": 4.974134613011114, "ood_mmd": 36.52890319824219, "_timestamp": 1712838606.4745278, "_runtime": 3377.7242288589478, "_step": 19}