{"train_loss": 0.0833503447547555, "test_r_squared": -0.06093155961948677, "test_sinkhorn_div_01": 89.85793509850136, "test_e_distance": 4.44403414251693, "test_mmd": 32.55132088294396, "ood_r_squared": -0.10750204022956569, "ood_sinkhorn_div_01": 86.96511383056641, "ood_e_distance": 4.508290648692659, "ood_mmd": 32.037776184082034, "_timestamp": 1712838519.3780303, "_runtime": 2882.8114092350006, "_step": 15}