{"train_loss": 0.5321235048696399, "test_r_squared": 0.11817551655979233, "test_sinkhorn_div_01": 107.01764473548302, "test_e_distance": 6.215342876706397, "test_mmd": 52.98585979755108, "ood_r_squared": 0.24351006852998558, "ood_sinkhorn_div_01": 96.55895690917968, "ood_e_distance": 6.019181777404474, "ood_mmd": 49.712928771972656, "_timestamp": 1712838244.1996663, "_runtime": 2314.567996263504, "_step": 0}