{"train_loss": 0.05451057261996903, "test_r_squared": -0.14640957230130278, "test_sinkhorn_div_01": 101.69124339177058, "test_e_distance": 4.9995637314672665, "test_mmd": 38.26385762141301, "ood_r_squared": -0.22784551001647854, "ood_sinkhorn_div_01": 102.31689453125, "ood_e_distance": 5.33174750463356, "ood_mmd": 40.70689392089844, "_timestamp": 1712838582.0185971, "_runtime": 3353.2764191627502, "_step": 26}