{"train_loss": 0.24814613011479378, "test_r_squared": -0.1906082601448431, "test_sinkhorn_div_01": 229.1036611703726, "test_e_distance": 5.797799136274398, "test_mmd": 21.76479985163762, "ood_r_squared": 0.14243270455977403, "ood_sinkhorn_div_01": 232.0562286376953, "ood_e_distance": 6.165019827736485, "ood_mmd": 24.57890625, "_timestamp": 1712838574.111747, "_runtime": 1912.0128140449524, "_step": 8}