{"train_loss": 0.15948871222883462, "test_r_squared": -0.017322699119942594, "test_sinkhorn_div_01": 683.7162381685697, "test_e_distance": 11.953057501913104, "test_mmd": 39.04785625751202, "ood_r_squared": 0.1009807778385785, "ood_sinkhorn_div_01": 677.548681640625, "ood_e_distance": 12.096855199955863, "ood_mmd": 39.9971923828125, "_timestamp": 1712838476.0418963, "_runtime": 2308.590410232544, "_step": 10}