{"train_loss": 0.27909504184126854, "test_r_squared": -0.06886289552644811, "test_sinkhorn_div_01": 159.74319663414587, "test_e_distance": 4.413262378082513, "test_mmd": 17.412889920748196, "ood_r_squared": 0.2631693376805393, "ood_sinkhorn_div_01": 160.00667419433594, "ood_e_distance": 4.6775186388203895, "ood_mmd": 18.584466552734376, "_timestamp": 1712838481.393832, "_runtime": 1829.178633928299, "_step": 6}