{"train_loss": 0.24268548646569252, "test_r_squared": -0.028701885713817068, "test_sinkhorn_div_01": 211.57662083552435, "test_e_distance": 5.407275412262299, "test_mmd": 18.451950073242188, "ood_r_squared": 0.19786116582747088, "ood_sinkhorn_div_01": 212.26246032714843, "ood_e_distance": 5.6404599003044025, "ood_mmd": 18.9479736328125, "_timestamp": 1712838612.6942635, "_runtime": 1949.5263285636902, "_step": 9}