,N_PCs,pretrain_iters,iterations,batch_size,r2_ood
0,50.0,0.0,50000.0,256.0,0.6063174435056674
1,50.0,0.0,50000.0,1024.0,0.5937903718510794
2,50.0,0.0,200000.0,256.0,0.6135662875770184
3,50.0,0.0,200000.0,1024.0,0.5993215209195166
4,50.0,1000.0,50000.0,256.0,0.7135732265319342
5,50.0,1000.0,50000.0,1024.0,0.7149284414805667
