{"train_loss": 0.0709386873501353, "test_r_squared": -0.0857303653367701, "test_sinkhorn_div_01": 95.74051901010367, "test_e_distance": 4.778589442591644, "test_mmd": 36.06685931865986, "ood_r_squared": -0.1229227513232027, "ood_sinkhorn_div_01": 95.44093170166016, "ood_e_distance": 5.003489117421231, "ood_mmd": 37.23567199707031, "_timestamp": 1712838528.852714, "_runtime": 4267.197162151337, "_step": 19}